Timestamp,Business_Num,Business_Name,Details
2024-12-13 12:08:50,1485251,피자알볼로 가양직영점,성공적으로 메뉴 추출 완료
2024-12-13 12:09:09,1485255,반궁 엔터식스 안양점,성공적으로 메뉴 추출 완료
2024-12-13 12:09:26,1485256,안현가,성공적으로 메뉴 추출 완료
2024-12-13 12:09:49,1485258,메가혼밥,성공적으로 메뉴 추출 완료
2024-12-13 12:10:08,1485259,춘천장칼국수,성공적으로 메뉴 추출 완료
2024-12-13 12:11:47,1485268,핵밥 상현역점,성공적으로 메뉴 추출 완료
2024-12-13 12:12:08,1485269,행컵 수지구청점,성공적으로 메뉴 추출 완료
2024-12-13 12:14:36,1485280,솔밭샤브 진주역점,성공적으로 메뉴 추출 완료
2024-12-13 12:15:25,1485283,다린케이 빵식탁,성공적으로 메뉴 추출 완료
2024-12-13 12:16:24,1485287,둥그스름,성공적으로 메뉴 추출 완료
2024-12-13 12:16:44,1485288,코리안치킨클럽,성공적으로 메뉴 추출 완료
2024-12-13 12:17:27,1485291,언니네갬성포차,성공적으로 메뉴 추출 완료
2024-12-13 12:21:02,1485306,히토미,성공적으로 메뉴 추출 완료
2024-12-13 12:21:46,1485309,치순이통닭,성공적으로 메뉴 추출 완료
2024-12-13 12:22:05,1485310,삼계옥,성공적으로 메뉴 추출 완료
2024-12-13 12:23:54,1485318,진빼이생고기,성공적으로 메뉴 추출 완료
2024-12-13 12:24:14,1485319,집밥 밥을공부하다 침산점,성공적으로 메뉴 추출 완료
2024-12-13 12:24:51,1485322,더 라운지 송도(The Lounge Songdo),성공적으로 메뉴 추출 완료
2024-12-13 12:25:21,1485324,우문 송도,성공적으로 메뉴 추출 완료
2024-12-13 12:26:35,1485330,명서쿠 여주대점,성공적으로 메뉴 추출 완료
2024-12-13 12:26:56,1485331,꼬마카세,성공적으로 메뉴 추출 완료
2024-12-13 12:27:14,1485332,치치밥스,성공적으로 메뉴 추출 완료
2024-12-13 12:41:54,1485390,심봉사도로케,성공적으로 메뉴 추출 완료
2024-12-13 12:42:14,1485391,모퉁이,성공적으로 메뉴 추출 완료
2024-12-13 12:42:34,1485392,당진가마솥국밥,성공적으로 메뉴 추출 완료
2024-12-13 12:43:59,1485398,임곡칼국수,성공적으로 메뉴 추출 완료
2024-12-13 12:44:31,1485400,수국정,성공적으로 메뉴 추출 완료
2024-12-13 12:45:01,1485402,flat(플랫) 동탄점,성공적으로 메뉴 추출 완료
2024-12-13 12:45:36,1485404,운정육짬뽕,성공적으로 메뉴 추출 완료
2024-12-13 12:46:44,1485408,정씨네,성공적으로 메뉴 추출 완료
2024-12-15 02:05:22,1485262,몰트앤뮤직,성공적으로 메뉴 추출 완료
2024-12-15 02:09:39,1485293,장가네족발,성공적으로 메뉴 추출 완료
2024-12-15 02:10:45,1485299,육감만족 포항장성점,성공적으로 메뉴 추출 완료
2024-12-15 02:17:56,1485336,큐슈울트라아멘 다산점,성공적으로 메뉴 추출 완료
2024-12-15 02:18:47,1485340,신대구막창 산울점,성공적으로 메뉴 추출 완료
2024-12-15 02:21:08,1485351,세끼모토,성공적으로 메뉴 추출 완료
2024-12-15 02:21:39,1485352,항그,성공적으로 메뉴 추출 완료
2024-12-15 02:31:05,1485410,오감도시락 경산점,성공적으로 메뉴 추출 완료
2024-12-15 02:31:57,1485413,쇼콜라포즈,성공적으로 메뉴 추출 완료
2024-12-15 02:35:41,1485425,펄스맥 경기광주점,성공적으로 메뉴 추출 완료
2024-12-15 02:36:33,1485427,위스티 우드,성공적으로 메뉴 추출 완료
2024-12-15 02:37:20,1485431,마라뱅크,성공적으로 메뉴 추출 완료
2024-12-15 02:38:28,1485434,고향소갈비찜 사림점,성공적으로 메뉴 추출 완료
2024-12-15 02:41:02,1485446,둥이네포차,성공적으로 메뉴 추출 완료
2024-12-15 02:42:26,1485451,소양한우 정육식당,성공적으로 메뉴 추출 완료
2024-12-15 02:43:30,1485459,고불짬뽕 일산벨라시타점,성공적으로 메뉴 추출 완료
2024-12-15 02:44:24,1485463,맛찜랭킹 청주사창점,성공적으로 메뉴 추출 완료
2024-12-15 02:48:21,1485476,상상오리시흥대야점,성공적으로 메뉴 추출 완료
2024-12-15 02:53:18,1485493,뽁당볶음밥 구리점,성공적으로 메뉴 추출 완료
2024-12-15 02:54:09,1485495,청정팥들깨칼국수배곧점,성공적으로 메뉴 추출 완료
2024-12-15 02:56:15,1485502,맨날국수 화성점,성공적으로 메뉴 추출 완료
2024-12-15 03:00:51,1485518,문래동냉삼 일산역점,성공적으로 메뉴 추출 완료
2024-12-15 03:01:41,1485520,후후얌얌,성공적으로 메뉴 추출 완료
2024-12-15 03:02:32,1485522,가장맛있는족발 동탄대로점,성공적으로 메뉴 추출 완료
2024-12-15 03:03:19,1485524,양철북곱창 동탄여울공원점,성공적으로 메뉴 추출 완료
2024-12-15 03:06:24,1485533,김숙성 하남미사점,성공적으로 메뉴 추출 완료
2024-12-15 03:08:40,1485539,금가네장터오산역점,성공적으로 메뉴 추출 완료
2024-12-15 14:48:17,1485273,카페인중독원주시청점,성공적으로 메뉴 추출 완료
2024-12-15 15:22:38,1485314,밥상무 본점,성공적으로 메뉴 추출 완료
2024-12-15 15:25:42,1485327,봉평수산활어회전문,성공적으로 메뉴 추출 완료
2024-12-15 15:31:29,1485353,무공돈까스 아산모종샛들점,성공적으로 메뉴 추출 완료
2024-12-15 15:38:03,1485374,바다맛집,성공적으로 메뉴 추출 완료
2024-12-15 15:45:20,1485405,먹골마당,성공적으로 메뉴 추출 완료
2024-12-15 15:47:09,1485412,데일리갈비,성공적으로 메뉴 추출 완료
2024-12-15 15:47:58,1485415,이음,성공적으로 메뉴 추출 완료
2024-12-15 15:48:48,1485417,센슈어스(SENSUOUS),성공적으로 메뉴 추출 완료
2024-12-15 15:49:37,1485419,한앤둘치킨수성중동점,성공적으로 메뉴 추출 완료
2024-12-15 15:50:13,1485420,브라더한정식도시락시지경산점,성공적으로 메뉴 추출 완료
2024-12-15 15:53:20,1485432,통통낙지,성공적으로 메뉴 추출 완료
2024-12-15 16:18:05,1485532,정성고등어,성공적으로 메뉴 추출 완료
2024-12-15 16:19:41,1485537,감동피자 청평,성공적으로 메뉴 추출 완료
2024-12-15 16:23:07,1485549,시선상록수점,성공적으로 메뉴 추출 완료
2024-12-15 16:25:09,1485555,양와당철산점,성공적으로 메뉴 추출 완료
2024-12-15 16:28:13,1485566,척척버거 양산본점,성공적으로 메뉴 추출 완료
2024-12-15 16:32:45,1485581,빙화설지92만두,성공적으로 메뉴 추출 완료
2024-12-15 16:37:24,1485595,소버,성공적으로 메뉴 추출 완료
2024-12-15 16:38:12,1485597,포차인북성로파동점,성공적으로 메뉴 추출 완료
2024-12-15 16:40:38,1485604,가마솥순대국밥 센트럴점,성공적으로 메뉴 추출 완료
2024-12-15 16:43:47,1485613,타쿠즈,성공적으로 메뉴 추출 완료
2024-12-15 16:47:30,1485624,청해,성공적으로 메뉴 추출 완료
2024-12-15 16:49:20,1485629,만카이 웅천자이점,성공적으로 메뉴 추출 완료
2024-12-15 16:50:34,1485632,봉식이네 돼지마을,성공적으로 메뉴 추출 완료
2024-12-15 16:56:17,1485650,타코락 일광점,성공적으로 메뉴 추출 완료
2024-12-15 16:57:26,1485653,오름채 현대백화점중동점,성공적으로 메뉴 추출 완료
2024-12-15 16:58:52,1485657,솥정옥,성공적으로 메뉴 추출 완료
2024-12-15 17:02:44,1485670,동동국밥 장산점,성공적으로 메뉴 추출 완료
2024-12-15 17:06:53,1485682,청풍,성공적으로 메뉴 추출 완료
2024-12-15 17:08:56,1485688,333파스타 강서점,성공적으로 메뉴 추출 완료
2024-12-15 17:09:34,1485689,올드버거,성공적으로 메뉴 추출 완료
2024-12-15 17:15:57,1485710,제주선채향광주일곡점,성공적으로 메뉴 추출 완료
2024-12-15 17:16:59,1485713,뉴욕야시장 신촌점,성공적으로 메뉴 추출 완료
2024-12-15 17:17:45,1485715,박가네매콤순대,성공적으로 메뉴 추출 완료
2024-12-15 17:25:29,1485738,청년피자 별내갈매점,성공적으로 메뉴 추출 완료
2024-12-15 17:38:51,1485781,채선당 자연한가득 고산점,성공적으로 메뉴 추출 완료
2024-12-15 17:39:19,1485782,까페 르네,성공적으로 메뉴 추출 완료
2024-12-15 17:39:48,1485783,한우로 당당하게,성공적으로 메뉴 추출 완료
2024-12-15 17:42:30,1485792,덤브치킨제주삼화점,성공적으로 메뉴 추출 완료
2024-12-15 17:43:31,1485795,빅글로리,성공적으로 메뉴 추출 완료
2024-12-15 17:43:59,1485796,도깨비갈비찜,성공적으로 메뉴 추출 완료
2024-12-15 17:44:26,1485797,맛있는집밥분이네,성공적으로 메뉴 추출 완료
2024-12-15 17:47:16,1485806,미각양꼬치 금곡점,성공적으로 메뉴 추출 완료
2024-12-15 17:48:03,1485808,하루엔소쿠 화서역브리시엘점,성공적으로 메뉴 추출 완료
2024-12-15 17:50:00,1485814,교동조개오빠,성공적으로 메뉴 추출 완료
2024-12-15 17:50:49,1485816,하노이별김량장점,성공적으로 메뉴 추출 완료
2024-12-15 17:51:23,1485817,분식을 품다 미사점,성공적으로 메뉴 추출 완료
2024-12-15 18:00:22,1485843,동남집 송도커넬워크점,성공적으로 메뉴 추출 완료
2024-12-15 18:01:12,1485845,"오늘,은",성공적으로 메뉴 추출 완료
2024-12-15 18:01:43,1485846,아라치치킨동해천곡점,성공적으로 메뉴 추출 완료
2024-12-15 18:10:01,1485874,통영촌집담소화,성공적으로 메뉴 추출 완료
2024-12-15 18:13:02,1485883,설맥 광주쌍령점,성공적으로 메뉴 추출 완료
2024-12-15 18:14:07,1485886,진심왕돈까스성성점,성공적으로 메뉴 추출 완료
2024-12-15 18:16:22,1485893,바삭한 소리,성공적으로 메뉴 추출 완료
2024-12-15 18:19:22,1485902,남산제면소,성공적으로 메뉴 추출 완료
2024-12-15 18:21:01,1485906,막퍼주는시골집밥(한박궁),성공적으로 메뉴 추출 완료
2024-12-15 18:22:08,1485909,야끼니꾸 욕망,성공적으로 메뉴 추출 완료
2024-12-15 18:22:37,1485910,언양뚝배기,성공적으로 메뉴 추출 완료
2024-12-15 18:30:36,1485934,소인정,성공적으로 메뉴 추출 완료
2024-12-15 18:32:23,1485939,수리멀곰탕,성공적으로 메뉴 추출 완료
2024-12-15 18:32:50,1485940,우담 샤브 칼국수,성공적으로 메뉴 추출 완료
2024-12-15 18:33:17,1485941,혼밥대표JMT 용현점,성공적으로 메뉴 추출 완료
2024-12-15 18:34:59,1485945,탄광맥주 홍천점,성공적으로 메뉴 추출 완료
2024-12-15 18:35:26,1485946,카페우후연,성공적으로 메뉴 추출 완료
2024-12-15 18:36:20,1485949,마장동고기집 초읍점,성공적으로 메뉴 추출 완료
2024-12-15 18:37:00,1485951,단원의뜰,성공적으로 메뉴 추출 완료
2024-12-15 18:37:27,1485952,풍일로두루치기,성공적으로 메뉴 추출 완료
2024-12-15 18:37:57,1485953,샘골국밥,성공적으로 메뉴 추출 완료
2024-12-15 18:38:47,1485955,노작진성아구찜 동탄본점,성공적으로 메뉴 추출 완료
2024-12-15 18:39:41,1485958,포도포포도도,성공적으로 메뉴 추출 완료
2024-12-15 18:40:08,1485959,그리드인그릭 호매실점,성공적으로 메뉴 추출 완료
2024-12-15 18:42:50,1485967,아메리칸익스프레스탕정점,성공적으로 메뉴 추출 완료
2024-12-15 18:46:33,1485978,네모샌드위치&동그라미쿠키 신월성점,성공적으로 메뉴 추출 완료
2024-12-15 18:47:07,1485979,땡큐닭,성공적으로 메뉴 추출 완료
2024-12-15 18:48:49,1485983,춘리마라탕 산울점,성공적으로 메뉴 추출 완료
2024-12-15 18:51:28,1485991,광선집 부천신중동점,성공적으로 메뉴 추출 완료
2024-12-15 18:52:01,1485992,금별맥주 경북상주점,성공적으로 메뉴 추출 완료
2024-12-15 18:53:37,1485997,온누리뷔페,성공적으로 메뉴 추출 완료
2024-12-15 18:56:32,1486005,순대국고깃집,성공적으로 메뉴 추출 완료
2024-12-15 18:57:01,1486006,동두천족발,성공적으로 메뉴 추출 완료
2024-12-15 18:57:30,1486007,밀집모자,성공적으로 메뉴 추출 완료
2024-12-15 18:57:59,1486008,그랩앤고크레페첨단원로그점,성공적으로 메뉴 추출 완료
2024-12-15 18:59:09,1486011,106km,성공적으로 메뉴 추출 완료
2024-12-15 19:00:20,1486014,행복한국수,성공적으로 메뉴 추출 완료
2024-12-15 19:04:01,1486026,안주상회,성공적으로 메뉴 추출 완료
2024-12-15 19:04:48,1486028,두문포갈치,성공적으로 메뉴 추출 완료
2024-12-15 19:06:17,1486031,버거리 안동용상점,성공적으로 메뉴 추출 완료
2024-12-15 19:06:55,1486032,맥주밤거리 대구옥포점,성공적으로 메뉴 추출 완료
2024-12-15 19:09:07,1486039,산애들,성공적으로 메뉴 추출 완료
2024-12-15 19:09:49,1486041,쿠우쿠우 평택고덕점,성공적으로 메뉴 추출 완료
2024-12-15 19:12:15,1486049,안주청,성공적으로 메뉴 추출 완료
2024-12-15 19:15:52,1486061,불만난고등어 효자점,성공적으로 메뉴 추출 완료
2024-12-15 19:18:10,1486067,닭장수후라이드 상대점,성공적으로 메뉴 추출 완료
2024-12-15 19:19:29,1486071,방자화로 고잔,성공적으로 메뉴 추출 완료
2024-12-15 19:23:28,1486083,이가도삭면,성공적으로 메뉴 추출 완료
2024-12-15 19:25:53,1486090,움버거앤윙스 부산광안역점,성공적으로 메뉴 추출 완료
2024-12-15 19:26:55,1486093,테파스(TEPAS),성공적으로 메뉴 추출 완료
2024-12-15 19:27:23,1486094,아리 돈가스&국수,성공적으로 메뉴 추출 완료
2024-12-15 19:28:35,1486097,선비꼬마김밥 청송점,성공적으로 메뉴 추출 완료
2024-12-15 19:29:03,1486098,고기굽스,성공적으로 메뉴 추출 완료
2024-12-15 19:34:35,1486116,땡땡이의 언니카세,성공적으로 메뉴 추출 완료
2024-12-15 19:35:42,1486119,참정성 한우곰탕,성공적으로 메뉴 추출 완료
2024-12-15 19:37:27,1486124,순치킨,성공적으로 메뉴 추출 완료
2024-12-15 19:38:15,1486126,필봉다방,성공적으로 메뉴 추출 완료
2024-12-15 19:38:45,1486127,돈심향,성공적으로 메뉴 추출 완료
2024-12-15 19:40:01,1486130,김복남맥주 대봉점,성공적으로 메뉴 추출 완료
2024-12-15 19:41:35,1486134,미카도스시부평시장역점,성공적으로 메뉴 추출 완료
2024-12-15 19:47:31,1486153,구이대장 쪽갈비 하남미사점,성공적으로 메뉴 추출 완료
2024-12-15 19:51:53,1486168,강철분식 떡볶이부대,성공적으로 메뉴 추출 완료
2024-12-15 19:55:27,1486180,오마카세오사이초밥부평점,성공적으로 메뉴 추출 완료
2024-12-15 19:57:41,1486186,네모,성공적으로 메뉴 추출 완료
2024-12-15 19:59:04,1486190,대륙 회 수산,성공적으로 메뉴 추출 완료
2024-12-15 20:00:14,1486193,오롯이 담아내다,성공적으로 메뉴 추출 완료
2024-12-15 20:00:42,1486194,조선 한우촌,성공적으로 메뉴 추출 완료
2024-12-15 20:02:48,1486201,스텔라떡볶이 인천주안아인병원점,성공적으로 메뉴 추출 완료
2024-12-15 20:03:38,1486203,성삼목,성공적으로 메뉴 추출 완료
2024-12-15 20:07:41,1486216,제주돈삼겹 모슬포점,성공적으로 메뉴 추출 완료
2024-12-15 20:12:51,1486231,샤브20시지점,성공적으로 메뉴 추출 완료
2024-12-15 20:14:22,1486235,사이공본가 지축점,성공적으로 메뉴 추출 완료
2024-12-15 20:17:53,1486245,깨통닭,성공적으로 메뉴 추출 완료
2024-12-15 20:20:45,1486253,배방호떡,성공적으로 메뉴 추출 완료
2024-12-15 20:22:18,1486257,춘천골 닭갈비 남양주다산점,성공적으로 메뉴 추출 완료
2024-12-15 20:23:31,1486261,고기듬뿍 국물두루치기 영종점,성공적으로 메뉴 추출 완료
2024-12-15 20:24:19,1486263,짬뽕잘볶는중국집,성공적으로 메뉴 추출 완료
2024-12-15 20:25:27,1486266,유메오뎅원주기업도시,성공적으로 메뉴 추출 완료
2024-12-15 20:33:52,1486292,노티드 안성스타필드,성공적으로 메뉴 추출 완료
2024-12-15 20:34:20,1486293,토담 교동 해장국,성공적으로 메뉴 추출 완료
2024-12-15 20:35:43,1486297,파머스포케 성남금광점,성공적으로 메뉴 추출 완료
2024-12-15 20:36:14,1486298,2피자1치킨상회(영양점),성공적으로 메뉴 추출 완료
2024-12-15 20:42:37,1486321,남매컵밥 상남점,성공적으로 메뉴 추출 완료
2024-12-15 20:44:40,1486327,우월한가,성공적으로 메뉴 추출 완료
2024-12-15 20:45:50,1486330,서울왕보리밥칼국수,성공적으로 메뉴 추출 완료
2024-12-15 20:46:55,1486333,듀커피,성공적으로 메뉴 추출 완료
2024-12-15 20:47:21,1486334,7090퀸즈라이브,성공적으로 메뉴 추출 완료
2024-12-15 20:47:49,1486335,제이델링 베이커리카페 가경점,성공적으로 메뉴 추출 완료
2024-12-15 20:53:22,1486352,홍게 잔칫날,성공적으로 메뉴 추출 완료
2024-12-15 20:54:03,1486354,스텔라떡볶이 경남김해장유점,성공적으로 메뉴 추출 완료
2024-12-15 20:54:30,1486355,부원1번뒷고기,성공적으로 메뉴 추출 완료
2024-12-15 20:56:13,1486360,정희 롯데백화점광복점,성공적으로 메뉴 추출 완료
2024-12-15 20:57:02,1486362,카페 리프,성공적으로 메뉴 추출 완료
2024-12-15 20:58:12,1486365,"살랑바람과커피,오라",성공적으로 메뉴 추출 완료
2024-12-15 20:59:38,1486369,우체국옆떡볶이,성공적으로 메뉴 추출 완료
2024-12-15 21:00:52,1486373,수봉포차,성공적으로 메뉴 추출 완료
2024-12-15 21:02:10,1486377,이자카야 룡팔,성공적으로 메뉴 추출 완료
2024-12-15 21:04:21,1486384,영진슈퍼 쌍촌점,성공적으로 메뉴 추출 완료
2024-12-15 21:09:44,1486400,담가화로구이 구리갈매점,성공적으로 메뉴 추출 완료
2024-12-15 21:10:51,1486403,다우리 두루치기,성공적으로 메뉴 추출 완료
2024-12-15 21:12:41,1486408,정각 전주점,성공적으로 메뉴 추출 완료
2024-12-15 21:13:42,1486411,육채미 파주운정점,성공적으로 메뉴 추출 완료
2024-12-15 21:14:44,1486414,히든에이스 홀덤펍 명지점,성공적으로 메뉴 추출 완료
2024-12-15 21:24:14,1486444,여남닭칼국수,성공적으로 메뉴 추출 완료
2024-12-15 21:25:14,1486446,두찜 인천간석점,성공적으로 메뉴 추출 완료
2024-12-15 21:27:22,1486453,가마로닭강정<둔산점>,성공적으로 메뉴 추출 완료
2024-12-15 21:31:44,1486467,족발마을,성공적으로 메뉴 추출 완료
2024-12-15 21:32:33,1486469,든든한김밥,성공적으로 메뉴 추출 완료
2024-12-15 21:34:50,1486475,포심,성공적으로 메뉴 추출 완료
2024-12-15 21:35:24,1486476,우이락 창원어반브릭스점,성공적으로 메뉴 추출 완료
2024-12-15 21:35:52,1486477,대세박목살통영죽림점,성공적으로 메뉴 추출 완료
2024-12-15 21:39:48,1486488,유리네돌판생삼겹,성공적으로 메뉴 추출 완료
2024-12-15 21:43:29,1486499,제비파스타＆리조또 양평점,성공적으로 메뉴 추출 완료
2024-12-15 21:44:32,1486502,집구석,성공적으로 메뉴 추출 완료
2024-12-15 21:46:40,1486508,이월어울림분식,성공적으로 메뉴 추출 완료
2024-12-15 21:51:24,1486522,간바레니카상양갈비숯불구이전문점,성공적으로 메뉴 추출 완료
2024-12-15 21:54:57,1486533,땡기는김밥,성공적으로 메뉴 추출 완료
2024-12-15 21:56:21,1486538,첨단공원국밥 나주혁신점,성공적으로 메뉴 추출 완료
2024-12-15 21:57:20,1486541,스시이신,성공적으로 메뉴 추출 완료
2024-12-15 21:57:48,1486542,강남맛돈,성공적으로 메뉴 추출 완료
2024-12-15 21:58:15,1486543,염라대왕,성공적으로 메뉴 추출 완료
2024-12-15 21:59:07,1486545,"오늘,김치찌개",성공적으로 메뉴 추출 완료
2024-12-15 22:02:18,1486556,고모네족발,성공적으로 메뉴 추출 완료
2024-12-15 22:03:00,1486558,강변가든,성공적으로 메뉴 추출 완료
2024-12-15 22:03:27,1486559,구레미 식당,성공적으로 메뉴 추출 완료
2024-12-15 22:06:13,1486567,라라 케이터링,성공적으로 메뉴 추출 완료
2024-12-15 22:07:56,1486572,수부키,성공적으로 메뉴 추출 완료
2024-12-15 22:08:33,1486573,쌍둥이 분식,성공적으로 메뉴 추출 완료
2024-12-15 22:09:34,1486576,포케올데이 모란점,성공적으로 메뉴 추출 완료
2024-12-15 22:13:37,1486587,5.5닭갈비 갈마,성공적으로 메뉴 추출 완료
2024-12-15 22:18:02,1486601,고기좋다,성공적으로 메뉴 추출 완료
2024-12-15 22:19:44,1486606,우정소갈비 만석공원점,성공적으로 메뉴 추출 완료
2024-12-15 22:20:43,1486609,마레지노 파주점,성공적으로 메뉴 추출 완료
2024-12-15 22:22:03,1486613,진심삼계탕,성공적으로 메뉴 추출 완료
2024-12-15 22:22:34,1486614,크랩마켓 광안리점,성공적으로 메뉴 추출 완료
2024-12-15 22:23:05,1486615,미트러스(meatrus),성공적으로 메뉴 추출 완료
2024-12-15 22:31:28,1486643,1984 그 수육집 칼국수 가오점,성공적으로 메뉴 추출 완료
2024-12-15 22:31:59,1486644,일민라멘,성공적으로 메뉴 추출 완료
2024-12-15 22:37:58,1486665,포크로(Forkro),성공적으로 메뉴 추출 완료
2024-12-15 22:39:44,1486670,오리날아,성공적으로 메뉴 추출 완료
2024-12-15 22:42:25,1486679,멕시카나치킨소양점,성공적으로 메뉴 추출 완료
2024-12-15 22:43:30,1486681,떡기정,성공적으로 메뉴 추출 완료
2024-12-15 22:44:25,1486683,혜화어묵당 대관령점,성공적으로 메뉴 추출 완료
2024-12-15 22:46:03,1486689,한상차림 코다리명가 송도점,성공적으로 메뉴 추출 완료
2024-12-15 22:47:45,1486694,물미갤러리,성공적으로 메뉴 추출 완료
2024-12-15 22:55:18,1486716,일근이네,성공적으로 메뉴 추출 완료
2024-12-15 22:56:09,1486718,삼굽당,성공적으로 메뉴 추출 완료
2024-12-15 22:58:57,1486726,우차네 용문천년한과,성공적으로 메뉴 추출 완료
2024-12-15 22:59:25,1486727,매곡 고두부,성공적으로 메뉴 추출 완료
2024-12-15 23:02:34,1486736,정성카츠 계림점,성공적으로 메뉴 추출 완료
2024-12-15 23:04:38,1486741,프랭크버거(FRANK BURGER) 거제 장승포점,성공적으로 메뉴 추출 완료
2024-12-15 23:05:07,1486742,경원해물찜 장평점,성공적으로 메뉴 추출 완료
2024-12-15 23:06:25,1486746,하스펠(Haspell),성공적으로 메뉴 추출 완료
2024-12-15 23:06:52,1486747,카레주쿠,성공적으로 메뉴 추출 완료
2024-12-15 23:07:21,1486748,계혁명옛날통닭 북수원점,성공적으로 메뉴 추출 완료
2024-12-15 23:11:36,1486761,처갓집양념치킨 원미점,성공적으로 메뉴 추출 완료
2024-12-15 23:12:05,1486762,경성술집,성공적으로 메뉴 추출 완료
2024-12-15 23:14:41,1486771,속초초당순두부,성공적으로 메뉴 추출 완료
2024-12-15 23:15:21,1486773,조박이네 감자탕 순대국,성공적으로 메뉴 추출 완료
2024-12-15 23:20:52,1486791,벤티버거 대전관저도안점,성공적으로 메뉴 추출 완료
2024-12-15 23:21:18,1486792,꼬모 엘 마리옹,성공적으로 메뉴 추출 완료
2024-12-15 23:21:46,1486793,호포해담,성공적으로 메뉴 추출 완료
2024-12-15 23:22:12,1486794,피자는치즈빨 양산점,성공적으로 메뉴 추출 완료
2024-12-15 23:24:16,1486800,가장맛있는치킨쌍용점,성공적으로 메뉴 추출 완료
2024-12-15 23:25:06,1486802,비비큐천안신방점,성공적으로 메뉴 추출 완료
2024-12-15 23:27:56,1486810,돈나비,성공적으로 메뉴 추출 완료
2024-12-15 23:28:25,1486811,족심당,성공적으로 메뉴 추출 완료
2024-12-15 23:29:14,1486813,벼슬돼지,성공적으로 메뉴 추출 완료
2024-12-15 23:30:23,1486816,배양리두루치기,성공적으로 메뉴 추출 완료
2024-12-15 23:31:14,1486818,김가네김밥 남양1호점,성공적으로 메뉴 추출 완료
2024-12-15 23:32:02,1486820,폭탄아구찜,성공적으로 메뉴 추출 완료
2024-12-15 23:32:32,1486821,토리키치천안성성점,성공적으로 메뉴 추출 완료
2024-12-15 23:33:56,1486825,오후의통닭 일광점,성공적으로 메뉴 추출 완료
2024-12-15 23:34:27,1486826,스시와쿠 영통점,성공적으로 메뉴 추출 완료
2024-12-15 23:34:55,1486827,갓튀긴후라이드 수원영통점,성공적으로 메뉴 추출 완료
2024-12-15 23:38:21,1486837,면박사,성공적으로 메뉴 추출 완료
2024-12-15 23:38:49,1486838,맘스터치 남악도청점,성공적으로 메뉴 추출 완료
2024-12-15 23:39:33,1486839,맘스피자 남악도청점,성공적으로 메뉴 추출 완료
2024-12-15 23:41:22,1486845,감자려인식이,성공적으로 메뉴 추출 완료
2024-12-15 23:41:49,1486846,지앤디홀덤펍,성공적으로 메뉴 추출 완료
2024-12-15 23:42:16,1486847,마장동연가 지축점,성공적으로 메뉴 추출 완료
2024-12-15 23:44:15,1486853,로스터리038,성공적으로 메뉴 추출 완료
2024-12-15 23:45:22,1486856,(주)쿠우쿠우 경주점,성공적으로 메뉴 추출 완료
2024-12-15 23:49:55,1486871,회뜨는광장,성공적으로 메뉴 추출 완료
2024-12-15 23:53:28,1486881,든든한끼,성공적으로 메뉴 추출 완료
2024-12-15 23:55:07,1486885,모틀리(Mottley),성공적으로 메뉴 추출 완료
2024-12-15 23:55:34,1486886,소복이눈꽃빙수,성공적으로 메뉴 추출 완료
2024-12-15 23:56:22,1486888,7곡제면소 부천신중동점,성공적으로 메뉴 추출 완료
2024-12-15 23:57:08,1486890,신깡통뒷고기 부천로데오점,성공적으로 메뉴 추출 완료
2024-12-15 23:59:25,1486896,도아시스,성공적으로 메뉴 추출 완료
2024-12-16 00:00:51,1486900,가마치통닭 하동전도점,성공적으로 메뉴 추출 완료
2024-12-16 00:01:53,1486903,피자마루 부평갈산점,성공적으로 메뉴 추출 완료
2024-12-16 00:03:36,1486908,나교리막국수,성공적으로 메뉴 추출 완료
2024-12-16 00:05:53,1486914,수유리혼밥왕(청천점),성공적으로 메뉴 추출 완료
2024-12-16 00:07:58,1486920,화화돈 판교파미어스몰점,성공적으로 메뉴 추출 완료
2024-12-16 00:09:38,1486925,맛돌이닭강정,성공적으로 메뉴 추출 완료
2024-12-16 00:11:06,1486929,밀라플라 남양주점,성공적으로 메뉴 추출 완료
2024-12-16 00:12:15,1486932,식송한우마을,성공적으로 메뉴 추출 완료
2024-12-16 00:12:42,1486933,김사부 오남진접점,성공적으로 메뉴 추출 완료
2024-12-16 00:13:53,1486936,까몬 군산점,성공적으로 메뉴 추출 완료
2024-12-16 00:20:27,1486958,고창면옥 담양점,성공적으로 메뉴 추출 완료
2024-12-16 00:21:45,1486962,두가지떡볶이,성공적으로 메뉴 추출 완료
2024-12-16 00:22:13,1486963,더제이뷔페,성공적으로 메뉴 추출 완료
2024-12-16 00:24:16,1486970,파파이스 수원정자점,성공적으로 메뉴 추출 완료
2024-12-16 00:25:50,1486975,강한만두,성공적으로 메뉴 추출 완료
2024-12-16 00:26:18,1486976,한마음정육식당은계점,성공적으로 메뉴 추출 완료
2024-12-16 00:26:45,1486977,한남동그집 용인흥덕점,성공적으로 메뉴 추출 완료
2024-12-16 00:27:12,1486978,공익곰탕,성공적으로 메뉴 추출 완료
2024-12-16 00:35:34,1487003,아부찌부대찌개 별내점,성공적으로 메뉴 추출 완료
2024-12-16 00:36:51,1487006,별밤포차,성공적으로 메뉴 추출 완료
2024-12-16 00:39:25,1487013,미정이네,성공적으로 메뉴 추출 완료
2024-12-16 00:40:11,1487015,마장동 고기집 금광점,성공적으로 메뉴 추출 완료
2024-12-16 00:40:42,1487016,마리뜨(maritte),성공적으로 메뉴 추출 완료
2024-12-16 00:47:21,1487034,다다하다 창원상남점,성공적으로 메뉴 추출 완료
2024-12-16 00:48:15,1487036,뉴욕 야시장,성공적으로 메뉴 추출 완료
2024-12-16 00:50:06,1487042,목구멍 부여점,성공적으로 메뉴 추출 완료
2024-12-16 00:52:55,1487050,후라이드 참 잘하는집,성공적으로 메뉴 추출 완료
2024-12-16 00:53:22,1487051,명륜화로,성공적으로 메뉴 추출 완료
2024-12-16 01:00:10,1487071,보문식당 2호점,성공적으로 메뉴 추출 완료
2024-12-16 01:00:56,1487073,부산어묵장돌이 대전중앙시장점,성공적으로 메뉴 추출 완료
2024-12-16 01:02:03,1487076,넘버원 숯불갈비,성공적으로 메뉴 추출 완료
2024-12-16 01:02:52,1487078,청년숯불두마리치킨,성공적으로 메뉴 추출 완료
2024-12-16 01:06:53,1487089,안주일체 교동점,성공적으로 메뉴 추출 완료
2024-12-16 01:12:24,1487107,정키레코드,성공적으로 메뉴 추출 완료
2024-12-16 01:16:18,1487120,락 콘타이,성공적으로 메뉴 추출 완료
2024-12-16 01:21:29,1487137,인생아구찜춘천점,성공적으로 메뉴 추출 완료
2024-12-16 01:22:31,1487140,노변반점,성공적으로 메뉴 추출 완료
2024-12-16 01:24:04,1487144,90맥주,성공적으로 메뉴 추출 완료
2024-12-16 01:24:52,1487146,맛있는한우양곱창,성공적으로 메뉴 추출 완료
2024-12-16 01:27:07,1487152,금돈이,성공적으로 메뉴 추출 완료
2024-12-16 01:28:58,1487158,어해랑왕코다리오산점,성공적으로 메뉴 추출 완료
2024-12-16 01:29:26,1487159,펀비어킹오산더테라스퀘어점,성공적으로 메뉴 추출 완료
2024-12-16 01:32:12,1487167,죽이야기강릉아산병원점,성공적으로 메뉴 추출 완료
2024-12-16 01:33:17,1487170,가마치통닭 회룡역점,성공적으로 메뉴 추출 완료
2024-12-16 01:36:07,1487178,셀렉토커피전주혁신도시점,성공적으로 메뉴 추출 완료
2024-12-16 01:36:36,1487179,애항아리족발보쌈송천점,성공적으로 메뉴 추출 완료
2024-12-16 01:37:13,1487180,어반핑거,성공적으로 메뉴 추출 완료
2024-12-16 01:38:04,1487182,우리한우식육식당,성공적으로 메뉴 추출 완료
2024-12-16 01:38:36,1487183,육회바른연어 신월성점,성공적으로 메뉴 추출 완료
2024-12-16 01:39:03,1487184,붕오당,성공적으로 메뉴 추출 완료
2024-12-16 01:39:29,1487185,꽃마마 커피,성공적으로 메뉴 추출 완료
2024-12-16 01:40:57,1487189,올떡&우쿠야 (청주본점),성공적으로 메뉴 추출 완료
2024-12-16 01:42:06,1487193,블루하우스,성공적으로 메뉴 추출 완료
2024-12-16 01:42:33,1487194,월간맥주하남3지구예미지파크점,성공적으로 메뉴 추출 완료
2024-12-16 01:44:40,1487201,힐로즈,성공적으로 메뉴 추출 완료
2024-12-16 01:47:11,1487209,1004풍천장어,성공적으로 메뉴 추출 완료
2024-12-16 01:50:05,1487219,낭만고기국수,성공적으로 메뉴 추출 완료
2024-12-16 01:51:53,1487225,심마니네 돈돼지,성공적으로 메뉴 추출 완료
2024-12-16 01:53:00,1487228,정바다용호동횟집부산숙성회,성공적으로 메뉴 추출 완료
2024-12-16 01:56:29,1487239,위스프레소,성공적으로 메뉴 추출 완료
2024-12-16 02:01:21,1487255,줄가라,성공적으로 메뉴 추출 완료
2024-12-16 02:05:40,1487269,배곧홍두깨칼국수,성공적으로 메뉴 추출 완료
2024-12-16 02:07:32,1487275,우정소갈비천안불당점,성공적으로 메뉴 추출 완료
2024-12-16 02:10:46,1487285,처갓집양념치킨 남동탄점,성공적으로 메뉴 추출 완료
2024-12-16 02:12:11,1487289,징스램 경산펜타힐즈점,성공적으로 메뉴 추출 완료
2024-12-16 02:15:16,1487298,프리어 법원점,성공적으로 메뉴 추출 완료
2024-12-16 02:16:08,1487300,평화로운집광주용봉점,성공적으로 메뉴 추출 완료
2024-12-16 02:17:18,1487303,스몰스25,성공적으로 메뉴 추출 완료
2024-12-16 02:18:33,1487307,다몽 옥동점,성공적으로 메뉴 추출 완료
2024-12-16 02:20:04,1487311,두꺼비 정육식당,성공적으로 메뉴 추출 완료
2024-12-16 02:22:00,1487317,단만포,성공적으로 메뉴 추출 완료
2024-12-16 02:24:30,1487324,월성당,성공적으로 메뉴 추출 완료
2024-12-16 02:27:16,1487330,유명조 칼국수,성공적으로 메뉴 추출 완료
2024-12-16 02:30:39,1487341,요미우돈교자창원상남점,성공적으로 메뉴 추출 완료
2024-12-16 02:34:29,1487353,만석정,성공적으로 메뉴 추출 완료
2024-12-16 02:35:33,1487356,어화도,성공적으로 메뉴 추출 완료
2024-12-16 02:40:11,1487371,복리단길861,성공적으로 메뉴 추출 완료
2024-12-16 02:44:24,1487384,피제이피자전주덕진점,성공적으로 메뉴 추출 완료
2024-12-16 02:45:25,1487387,염소뜨락,성공적으로 메뉴 추출 완료
2024-12-16 02:48:42,1487397,센미스시,성공적으로 메뉴 추출 완료
2024-12-16 02:49:12,1487398,미인계옛날통닭 수원고등점,성공적으로 메뉴 추출 완료
2024-12-16 02:50:33,1487402,바다마을포차 오륙도 5호,성공적으로 메뉴 추출 완료
2024-12-16 02:54:17,1487414,더히포(The hippo),성공적으로 메뉴 추출 완료
2024-12-16 02:56:45,1487422,고봉뚝배기,성공적으로 메뉴 추출 완료
2024-12-16 03:00:51,1487434,그레요(Gleyo),성공적으로 메뉴 추출 완료
2024-12-16 03:03:31,1487442,원더러스트,성공적으로 메뉴 추출 완료
2024-12-16 03:03:59,1487443,정원양꼬치,성공적으로 메뉴 추출 완료
2024-12-16 03:05:25,1487447,삼손칼국수,성공적으로 메뉴 추출 완료
2024-12-16 03:05:53,1487448,유가네 청주성안점,성공적으로 메뉴 추출 완료
2024-12-16 03:16:53,1487483,본본로스,성공적으로 메뉴 추출 완료
2024-12-16 03:17:20,1487484,복돼야지김치찜,성공적으로 메뉴 추출 완료
2024-12-16 03:18:01,1487486,애슐리퀸즈 신세계백화점 김해점,성공적으로 메뉴 추출 완료
2024-12-16 03:18:39,1487487,치킨인류 동탄2신도시점,성공적으로 메뉴 추출 완료
2024-12-16 03:19:06,1487488,단미김밥·떡볶이,성공적으로 메뉴 추출 완료
2024-12-16 03:23:04,1487500,소소뭉티기,성공적으로 메뉴 추출 완료
2024-12-16 03:25:14,1487507,밋업하우스(meetuphaus),성공적으로 메뉴 추출 완료
2024-12-16 03:26:39,1487511,바나타이거시흥배곧점,성공적으로 메뉴 추출 완료
2024-12-16 03:28:40,1487516,본갈비시지,성공적으로 메뉴 추출 완료
2024-12-16 03:35:43,1487539,브뤼셀프라이제주연동점,성공적으로 메뉴 추출 완료
2024-12-16 03:36:13,1487540,유부임당,성공적으로 메뉴 추출 완료
2024-12-16 03:36:41,1487541,아담한,성공적으로 메뉴 추출 완료
2024-12-16 03:37:15,1487542,신열날개,성공적으로 메뉴 추출 완료
2024-12-16 03:40:11,1487551,정성닭발 칠곡직영점,성공적으로 메뉴 추출 완료
2024-12-16 03:43:28,1487560,건강약초삼계탕,성공적으로 메뉴 추출 완료
2024-12-16 03:43:55,1487561,곤국,성공적으로 메뉴 추출 완료
2024-12-16 03:44:44,1487563,경산집,성공적으로 메뉴 추출 완료
2024-12-16 03:48:13,1487575,그노포차,성공적으로 메뉴 추출 완료
2024-12-16 03:51:32,1487585,무의도 시골밥상,성공적으로 메뉴 추출 완료
2024-12-16 03:52:22,1487587,인쌩맥주,성공적으로 메뉴 추출 완료
2024-12-16 03:54:52,1487593,빙수당울산신정점,성공적으로 메뉴 추출 완료
2024-12-16 03:55:56,1487596,더블유,성공적으로 메뉴 추출 완료
2024-12-16 03:56:24,1487597,역전할머니맥주 포항이인점,성공적으로 메뉴 추출 완료
2024-12-16 03:57:45,1487601,행복한 전집,성공적으로 메뉴 추출 완료
2024-12-16 03:58:51,1487604,파스토보이인동점,성공적으로 메뉴 추출 완료
2024-12-16 04:02:08,1487614,미인계 오창점,성공적으로 메뉴 추출 완료
2024-12-16 04:03:08,1487617,반죽에 빠진날,성공적으로 메뉴 추출 완료
2024-12-16 04:05:32,1487625,샤브올데이오산갈곶점,성공적으로 메뉴 추출 완료
2024-12-16 04:09:42,1487638,명지 다찌,성공적으로 메뉴 추출 완료
2024-12-16 04:10:57,1487642,샤브올데이강릉송정점,성공적으로 메뉴 추출 완료
2024-12-16 04:13:46,1487650,아침치식당,성공적으로 메뉴 추출 완료
2024-12-16 04:14:27,1487652,월간맥주조례점,성공적으로 메뉴 추출 완료
2024-12-16 04:14:55,1487653,용코로만두,성공적으로 메뉴 추출 완료
2024-12-16 04:23:31,1487682,충장통닭,성공적으로 메뉴 추출 완료
2024-12-16 04:23:59,1487683,화원추어탕,성공적으로 메뉴 추출 완료
2024-12-16 04:26:36,1487691,부산최고국밥,성공적으로 메뉴 추출 완료
2024-12-16 04:28:51,1487697,내맘고 내맘을훔친고기 북구만덕점,성공적으로 메뉴 추출 완료
2024-12-16 04:30:34,1487702,동백온실화로구이,성공적으로 메뉴 추출 완료
2024-12-16 04:31:00,1487703,먹보보쌈,성공적으로 메뉴 추출 완료
2024-12-16 04:32:26,1487707,인쌩맥주 대전보건대점,성공적으로 메뉴 추출 완료
2024-12-16 04:32:53,1487708,노사부면관,성공적으로 메뉴 추출 완료
2024-12-16 04:33:35,1487709,국밥 참 맛있는집 대전복합터미널점,성공적으로 메뉴 추출 완료
2024-12-16 04:36:12,1487716,카페오이,성공적으로 메뉴 추출 완료
2024-12-16 04:36:40,1487717,소담촌 진천점,성공적으로 메뉴 추출 완료
2024-12-16 04:42:17,1487735,샤브20 동탄능동점,성공적으로 메뉴 추출 완료
2024-12-16 04:42:47,1487736,대박마라탕,성공적으로 메뉴 추출 완료
2024-12-16 04:43:55,1487739,봉자막창 진부점,성공적으로 메뉴 추출 완료
2024-12-16 04:45:50,1487744,진가네 쭈꾸미 코다리,성공적으로 메뉴 추출 완료
2024-12-16 04:46:17,1487745,"오니네 닭,꼬치,막창",성공적으로 메뉴 추출 완료
2024-12-16 04:47:56,1487750,33떡볶이&꼬마김밥 미사리버포레점,성공적으로 메뉴 추출 완료
2024-12-16 04:48:39,1487751,중화요리 미식재,성공적으로 메뉴 추출 완료
2024-12-16 04:49:46,1487754,백세장수촌 증평점,성공적으로 메뉴 추출 완료
2024-12-16 04:50:22,1487755,스시모리,성공적으로 메뉴 추출 완료
2024-12-16 04:51:11,1487757,국풍설렁탕(수암본점),성공적으로 메뉴 추출 완료
2024-12-16 04:51:48,1487758,심야스테이크 상록수점,성공적으로 메뉴 추출 완료
2024-12-16 04:53:27,1487763,투닷츠 로스터즈,성공적으로 메뉴 추출 완료
2024-12-16 04:54:33,1487766,볶음밥도사계양구점,성공적으로 메뉴 추출 완료
2024-12-16 04:55:27,1487768,"BHC, 큰맘할매순대국 김해대동점",성공적으로 메뉴 추출 완료
2024-12-16 04:55:58,1487769,딸부자 국수,성공적으로 메뉴 추출 완료
2024-12-16 04:56:43,1487771,비에이치씨치킨(BHC)문의청남대점,성공적으로 메뉴 추출 완료
2024-12-16 04:58:51,1487778,솔로투(solo tu) 담양점,성공적으로 메뉴 추출 완료
2024-12-16 04:59:49,1487780,3시의 배꼽시계,성공적으로 메뉴 추출 완료
2024-12-16 05:01:51,1487786,황금밥상 한식부페,성공적으로 메뉴 추출 완료
2024-12-16 05:02:19,1487787,철길부산집 청주산남점,성공적으로 메뉴 추출 완료
2024-12-16 05:03:01,1487788,뉴욕버거,성공적으로 메뉴 추출 완료
2024-12-16 05:04:02,1487791,늘마중,성공적으로 메뉴 추출 완료
2024-12-16 05:05:49,1487796,한마음정육식당 양주옥정점,성공적으로 메뉴 추출 완료
2024-12-16 05:06:35,1487798,까치고개곱창전골,성공적으로 메뉴 추출 완료
2024-12-16 05:10:33,1487810,한라맥주 양주옥정점,성공적으로 메뉴 추출 완료
2024-12-16 05:11:36,1487813,불앤닭,성공적으로 메뉴 추출 완료
2024-12-16 05:14:10,1487820,핵밥 동탄점,성공적으로 메뉴 추출 완료
2024-12-16 05:15:13,1487822,분분광명역어반브릭스점,성공적으로 메뉴 추출 완료
2024-12-16 05:16:07,1487824,피제리아 아이올라,성공적으로 메뉴 추출 완료
2024-12-16 05:17:47,1487828,처갓집양념치킨(예천호명점),성공적으로 메뉴 추출 완료
2024-12-16 05:20:33,1487835,지지고 김해내외점,성공적으로 메뉴 추출 완료
2024-12-16 05:21:03,1487836,생활맥주 김해율하먹자골목점,성공적으로 메뉴 추출 완료
2024-12-16 05:21:30,1487837,구지봉 주촌점,성공적으로 메뉴 추출 완료
2024-12-16 05:22:18,1487839,오로라 즉석떡볶이,성공적으로 메뉴 추출 완료
2024-12-16 05:23:20,1487842,상상오리 평택점,성공적으로 메뉴 추출 완료
2024-12-16 05:24:15,1487844,가장맛있는치킨 오창점,성공적으로 메뉴 추출 완료
2024-12-16 05:24:46,1487845,타코찡,성공적으로 메뉴 추출 완료
2024-12-16 05:25:17,1487846,쌈마이대패 복대점,성공적으로 메뉴 추출 완료
2024-12-16 05:26:45,1487850,꿀꿀진순대 청주산남점,성공적으로 메뉴 추출 완료
2024-12-16 05:27:11,1487851,송산고려족발,성공적으로 메뉴 추출 완료
2024-12-16 05:27:50,1487852,김가네김밥 봉담2지구점,성공적으로 메뉴 추출 완료
2024-12-16 05:28:23,1487853,꼬미김밥,성공적으로 메뉴 추출 완료
2024-12-16 05:29:11,1487855,지안냉수집,성공적으로 메뉴 추출 완료
2024-12-16 05:29:54,1487857,어선비,성공적으로 메뉴 추출 완료
2024-12-16 05:30:21,1487858,옹골명가,성공적으로 메뉴 추출 완료
2024-12-16 05:32:55,1487865,정통춘천닭갈비,성공적으로 메뉴 추출 완료
2024-12-16 05:33:22,1487866,샤브올데이 다산신도시점,성공적으로 메뉴 추출 완료
2024-12-16 05:33:55,1487867,상일 더 토스트,성공적으로 메뉴 추출 완료
2024-12-16 05:34:28,1487868,미친피자 대전서구점,성공적으로 메뉴 추출 완료
2024-12-16 05:34:57,1487869,수 한우곰탕,성공적으로 메뉴 추출 완료
2024-12-16 05:35:58,1487871,브런치빈 산본점,성공적으로 메뉴 추출 완료
2024-12-16 05:36:44,1487873,와송 한방 삼계탕,성공적으로 메뉴 추출 완료
2024-12-16 05:37:22,1487874,그램치킨전남대점,성공적으로 메뉴 추출 완료
2024-12-16 05:37:50,1487875,영숙이네,성공적으로 메뉴 추출 완료
2024-12-16 05:40:36,1487882,산수림,성공적으로 메뉴 추출 완료
2024-12-16 05:41:40,1487885,야끼니꾸 소량 동탄남광장점,성공적으로 메뉴 추출 완료
2024-12-16 05:42:07,1487886,화산샤브 동탄점,성공적으로 메뉴 추출 완료
2024-12-16 05:42:41,1487887,카페 수놀,성공적으로 메뉴 추출 완료
2024-12-16 05:43:45,1487890,프레고커피,성공적으로 메뉴 추출 완료
2024-12-16 05:44:14,1487891,소담소담,성공적으로 메뉴 추출 완료
2024-12-16 05:45:03,1487893,샤브로21 쌍촌,성공적으로 메뉴 추출 완료
2024-12-16 05:46:14,1487896,다이닝타몽형곡점,성공적으로 메뉴 추출 완료
2024-12-16 05:47:49,1487901,유록장어,성공적으로 메뉴 추출 완료
2024-12-16 05:48:58,1487904,3형돼지국밥,성공적으로 메뉴 추출 완료
2024-12-16 05:50:59,1487909,산들해 밥집,성공적으로 메뉴 추출 완료
2024-12-16 05:51:51,1487911,밀누리들깨칼국수,성공적으로 메뉴 추출 완료
2024-12-16 05:52:32,1487912,청년피자 대구유천점,성공적으로 메뉴 추출 완료
2024-12-16 05:53:12,1487913,청년분식 진주중앙점,성공적으로 메뉴 추출 완료
2024-12-16 05:53:43,1487914,정직유부 호탄점,성공적으로 메뉴 추출 완료
2024-12-16 05:54:38,1487916,치킨플래닛 파주금촌점,성공적으로 메뉴 추출 완료
2024-12-16 05:55:37,1487918,피치타임 운정해오름점,성공적으로 메뉴 추출 완료
2024-12-16 05:56:05,1487919,월롱LCD찌개 본점,성공적으로 메뉴 추출 완료
2024-12-16 05:56:33,1487920,권가제면소 속리산점,성공적으로 메뉴 추출 완료
2024-12-16 05:57:18,1487922,쥬케로카페 김포점,성공적으로 메뉴 추출 완료
2024-12-16 05:57:49,1487923,매머드익스프레스 김포금빛초점,성공적으로 메뉴 추출 완료
2024-12-16 05:58:18,1487924,반지하 숙성고기 오창점,성공적으로 메뉴 추출 완료
2024-12-16 05:59:09,1487926,쿠시쿠시,성공적으로 메뉴 추출 완료
2024-12-16 05:59:45,1487927,노랑강정 신현점,성공적으로 메뉴 추출 완료
2024-12-16 06:00:33,1487929,깜장오리,성공적으로 메뉴 추출 완료
2024-12-16 06:02:02,1487932,송백국밥,성공적으로 메뉴 추출 완료
2024-12-16 06:04:19,1487938,두여자노가리 합천점,성공적으로 메뉴 추출 완료
2024-12-16 06:04:48,1487939,홍두깨멸치칼국수,성공적으로 메뉴 추출 완료
2024-12-16 06:05:32,1487940,뜨담 회선생,성공적으로 메뉴 추출 완료
2024-12-16 06:07:34,1487945,겟레디커피(Get Ready Coffee),성공적으로 메뉴 추출 완료
2024-12-16 06:08:41,1487947,미트미트,성공적으로 메뉴 추출 완료
2024-12-16 06:09:10,1487948,이화향 (과천점),성공적으로 메뉴 추출 완료
2024-12-16 06:09:38,1487949,블랙포레스트커피,성공적으로 메뉴 추출 완료
2024-12-16 06:10:40,1487952,전주진국밥  경주성건점,성공적으로 메뉴 추출 완료
2024-12-16 06:11:07,1487953,에이프레임 익스프레스,성공적으로 메뉴 추출 완료
2024-12-16 06:11:56,1487955,인생야식포차,성공적으로 메뉴 추출 완료
2024-12-16 06:12:23,1487956,석장손칼국수집,성공적으로 메뉴 추출 완료
2024-12-16 06:13:03,1487958,원조감자탕 일미집 주안점,성공적으로 메뉴 추출 완료
2024-12-16 06:13:41,1487959,BBQ인천학익점,성공적으로 메뉴 추출 완료
2024-12-16 06:14:41,1487962,뵈르뵈르 인천롯데점,성공적으로 메뉴 추출 완료
2024-12-16 06:15:57,1487966,아지트,성공적으로 메뉴 추출 완료
2024-12-16 06:16:32,1487967,수진이네 꼬마김밥,성공적으로 메뉴 추출 완료
2024-12-16 06:17:00,1487968,돈부집,성공적으로 메뉴 추출 완료
2024-12-16 06:17:45,1487969,33떡볶이&꼬마김밥 진해남문점,성공적으로 메뉴 추출 완료
2024-12-16 06:18:15,1487970,신마라명가 신구대점 마라탕 마라샹궈,성공적으로 메뉴 추출 완료
2024-12-16 06:19:03,1487972,샤브로21안양,성공적으로 메뉴 추출 완료
2024-12-16 06:20:13,1487975,라스트춘선 광주첨단점,성공적으로 메뉴 추출 완료
2024-12-16 06:22:14,1487980,노군옛날통닭 인천구월점,성공적으로 메뉴 추출 완료
2024-12-16 06:22:47,1487981,육회야 문연어 인천논현점,성공적으로 메뉴 추출 완료
2024-12-16 06:23:39,1487983,나이스샌드윗유(nicesandwithU),성공적으로 메뉴 추출 완료
2024-12-16 06:24:42,1487986,세일러조 김밥,성공적으로 메뉴 추출 완료
2024-12-16 06:25:12,1487987,육향정육식당,성공적으로 메뉴 추출 완료
2024-12-16 06:25:42,1487988,솥고집(병점역점),성공적으로 메뉴 추출 완료
2024-12-16 06:26:41,1487990,에바돈가츠울산복산점,성공적으로 메뉴 추출 완료
2024-12-16 06:27:42,1487993,엉터리 무한대패 광주첨단점,성공적으로 메뉴 추출 완료
2024-12-16 06:28:29,1487995,칠봉이짬뽕산동교직영점,성공적으로 메뉴 추출 완료
2024-12-16 06:29:38,1487998,백소정 수원영통점,성공적으로 메뉴 추출 완료
2024-12-16 06:30:26,1488000,사바토사몬 화홍문본점,성공적으로 메뉴 추출 완료
2024-12-16 06:31:29,1488002,EGGRYDAY(에그리데이)장안구점,성공적으로 메뉴 추출 완료
2024-12-16 06:34:49,1488011,일만족발 당하본점,성공적으로 메뉴 추출 완료
2024-12-16 06:42:27,1488034,글렌곰,성공적으로 메뉴 추출 완료
2024-12-16 06:43:04,1488035,치킨파머스 대전상대점,성공적으로 메뉴 추출 완료
2024-12-16 06:44:31,1488039,갓포 토리,성공적으로 메뉴 추출 완료
2024-12-16 06:44:59,1488040,빽가네포차,성공적으로 메뉴 추출 완료
2024-12-16 06:46:04,1488043,제주고세호해장국사계점,성공적으로 메뉴 추출 완료
2024-12-16 06:46:31,1488044,어우름성산흑돼지,성공적으로 메뉴 추출 완료
2024-12-16 06:47:01,1488045,카페 드 아씨에,성공적으로 메뉴 추출 완료
2024-12-16 06:49:00,1488050,청라족보,성공적으로 메뉴 추출 완료
2024-12-16 06:49:33,1488051,터미널뼈다귀해장국,성공적으로 메뉴 추출 완료
2024-12-16 06:50:00,1488052,그집순대국 (포천점),성공적으로 메뉴 추출 완료
2024-12-16 06:50:31,1488053,큰맘할매순대국 포천영중점,성공적으로 메뉴 추출 완료
2024-12-16 06:51:39,1488056,돈까스튀기는서대리,성공적으로 메뉴 추출 완료
2024-12-16 06:52:06,1488057,고삼촌 국밥,성공적으로 메뉴 추출 완료
2024-12-16 06:53:49,1488062,범돈,성공적으로 메뉴 추출 완료
2024-12-16 06:55:07,1488065,신통치킨(금왕점),성공적으로 메뉴 추출 완료
2024-12-16 06:55:41,1488066,도루메,성공적으로 메뉴 추출 완료
2024-12-16 06:56:27,1488067,자이카(ZAIKA),성공적으로 메뉴 추출 완료
2024-12-16 06:56:57,1488068,고래맥주창고 주안간석점,성공적으로 메뉴 추출 완료
2024-12-16 06:58:51,1488074,삼동소바 아산탕정점,성공적으로 메뉴 추출 완료
2024-12-16 06:59:19,1488075,별짬뽕,성공적으로 메뉴 추출 완료
2024-12-16 07:00:45,1488079,"아바타, 치",성공적으로 메뉴 추출 완료
2024-12-16 07:01:47,1488080,언노운피자 다산신도시점,성공적으로 메뉴 추출 완료
2024-12-16 07:02:25,1488081,처갓집 양념치킨 백천점,성공적으로 메뉴 추출 완료
2024-12-16 07:03:27,1488084,해수,성공적으로 메뉴 추출 완료
2024-12-16 07:04:16,1488086,부전생오리촌,성공적으로 메뉴 추출 완료
2024-12-16 07:05:43,1488090,오븐마루 인천부평점,성공적으로 메뉴 추출 완료
2024-12-16 07:06:17,1488091,뼈앓이감자탕부평점,성공적으로 메뉴 추출 완료
2024-12-16 07:07:04,1488093,옥화식당 광릉점,성공적으로 메뉴 추출 완료
2024-12-16 07:08:00,1488095,고운라멘 칠곡점,성공적으로 메뉴 추출 완료
2024-12-16 07:08:31,1488096,마르가리타,성공적으로 메뉴 추출 완료
2024-12-16 07:10:54,1488103,스텔라떡볶이 부산부곡장전점,성공적으로 메뉴 추출 완료
2024-12-16 07:11:45,1488105,핑크고래커피,성공적으로 메뉴 추출 완료
2024-12-16 07:12:31,1488107,구오구사푸드,성공적으로 메뉴 추출 완료
2024-12-16 07:15:27,1488115,차이(Chai)797 롯데포항점,성공적으로 메뉴 추출 완료
2024-12-16 07:16:20,1488117,정수돈,성공적으로 메뉴 추출 완료
2024-12-16 07:17:12,1488119,덮밥장사장 동춘점,성공적으로 메뉴 추출 완료
2024-12-16 07:17:48,1488120,스텔라떡볶이 충남당진점,성공적으로 메뉴 추출 완료
2024-12-16 07:18:55,1488123,성성별을담다,성공적으로 메뉴 추출 완료
2024-12-16 07:20:18,1488127,돈돈찜 남구점,성공적으로 메뉴 추출 완료
2024-12-16 07:22:16,1488132,식껍 상주점,성공적으로 메뉴 추출 완료
2024-12-16 07:22:42,1488133,천하일미해신탕,성공적으로 메뉴 추출 완료
2024-12-16 07:24:10,1488137,벤치 포레스트(Bench forest),성공적으로 메뉴 추출 완료
2024-12-16 07:24:41,1488138,스위시(Suwish) 평택고덕점,성공적으로 메뉴 추출 완료
2024-12-16 07:25:09,1488139,왕언니포차,성공적으로 메뉴 추출 완료
2024-12-16 07:25:37,1488140,진짜루,성공적으로 메뉴 추출 완료
2024-12-16 07:26:35,1488142,블랙루브 (BLACK LOUVE),성공적으로 메뉴 추출 완료
2024-12-16 07:27:14,1488143,길동우동 평택비전점,성공적으로 메뉴 추출 완료
2024-12-16 07:28:17,1488145,육십계(60)치킨 양산범어점,성공적으로 메뉴 추출 완료
2024-12-16 07:30:09,1488149,돈의맛숯불갈비 양산사송본점,성공적으로 메뉴 추출 완료
2024-12-16 07:31:24,1488152,달인의찜닭 상대점,성공적으로 메뉴 추출 완료
2024-12-16 07:33:18,1488157,삼산회관,성공적으로 메뉴 추출 완료
2024-12-16 07:35:39,1488165,낭만화로,성공적으로 메뉴 추출 완료
2024-12-16 07:36:06,1488166,필스너하우스 여수웅천점,성공적으로 메뉴 추출 완료
2024-12-16 07:36:46,1488167,가장맛있는족발,성공적으로 메뉴 추출 완료
2024-12-16 07:37:56,1488170,교동오뎅,성공적으로 메뉴 추출 완료
2024-12-16 07:38:45,1488172,삼복면옥,성공적으로 메뉴 추출 완료
2024-12-16 07:39:35,1488174,일품양평해장국대부황금로점,성공적으로 메뉴 추출 완료
2024-12-16 07:41:04,1488178,행복한 지훈이네 생쌀국수,성공적으로 메뉴 추출 완료
2024-12-16 07:42:38,1488182,그린브라우니(green brownie) 판암점,성공적으로 메뉴 추출 완료
2024-12-16 07:44:58,1488188,얌샘김밥대전송촌점,성공적으로 메뉴 추출 완료
2024-12-16 07:45:27,1488189,샤브로21송촌,성공적으로 메뉴 추출 완료
2024-12-16 07:45:55,1488190,호박꽃마차 서산점,성공적으로 메뉴 추출 완료
2024-12-16 07:46:28,1488191,동명카츠 석림점,성공적으로 메뉴 추출 완료
2024-12-16 07:47:15,1488193,하마호떡,성공적으로 메뉴 추출 완료
2024-12-16 07:47:42,1488194,"좋은날,여기",성공적으로 메뉴 추출 완료
2024-12-16 07:49:18,1488198,크라운호프배곧신도시점,성공적으로 메뉴 추출 완료
2024-12-16 07:49:45,1488199,노을조개거북섬,성공적으로 메뉴 추출 완료
2024-12-16 07:51:04,1488202,무방비,성공적으로 메뉴 추출 완료
2024-12-16 07:51:31,1488203,양궈푸마라탕 송도점,성공적으로 메뉴 추출 완료
2024-12-16 07:52:02,1488204,화신향,성공적으로 메뉴 추출 완료
2024-12-16 07:52:34,1488205,반여생아구찜,성공적으로 메뉴 추출 완료
2024-12-16 07:53:15,1488207,특수부대 소사벌점,성공적으로 메뉴 추출 완료
2024-12-16 07:57:49,1488221,이인영선산곱창본점,성공적으로 메뉴 추출 완료
2024-12-16 07:58:22,1488222,우리들의아지트,성공적으로 메뉴 추출 완료
2024-12-16 07:58:54,1488223,금별맥주구미봉곡점,성공적으로 메뉴 추출 완료
2024-12-16 08:00:00,1488226,마부자생삼겹살 일산점,성공적으로 메뉴 추출 완료
2024-12-16 08:02:12,1488231,프랭크버거 부산가야점,성공적으로 메뉴 추출 완료
2024-12-16 08:02:59,1488233,수고하는 집,성공적으로 메뉴 추출 완료
2024-12-16 08:03:32,1488234,대설 충남대점,성공적으로 메뉴 추출 완료
2024-12-16 08:04:17,1488236,포크스(folks),성공적으로 메뉴 추출 완료
2024-12-16 08:04:50,1488237,김할머니의령소바 창원중앙역점,성공적으로 메뉴 추출 완료
2024-12-16 08:05:57,1488240,팟럭커리,성공적으로 메뉴 추출 완료
2024-12-16 08:06:27,1488241,비산마라탕,성공적으로 메뉴 추출 완료
2024-12-16 08:07:36,1488244,삼춘통닭&닭강정,성공적으로 메뉴 추출 완료
2024-12-16 08:08:24,1488246,영주네풍금,성공적으로 메뉴 추출 완료
2024-12-16 08:08:51,1488247,77삼겹,성공적으로 메뉴 추출 완료
2024-12-16 08:09:21,1488248,달빛부엌,성공적으로 메뉴 추출 완료
2024-12-16 08:10:35,1488251,메종조이초이,성공적으로 메뉴 추출 완료
2024-12-16 08:11:24,1488253,레퍼토리시스템,성공적으로 메뉴 추출 완료
2024-12-16 08:11:55,1488254,채육식당 다산점,성공적으로 메뉴 추출 완료
2024-12-16 08:12:44,1488256,샤브로21 송도,성공적으로 메뉴 추출 완료
2024-12-16 08:14:35,1488260,미태리시흥은계호수공원점,성공적으로 메뉴 추출 완료
2024-12-16 08:15:05,1488261,발리다포차장곡점,성공적으로 메뉴 추출 완료
2024-12-16 08:15:36,1488262,메가후르츠장곡점,성공적으로 메뉴 추출 완료
2024-12-16 08:17:00,1488266,아커스(ACUS),성공적으로 메뉴 추출 완료
2024-12-16 08:17:45,1488268,디저트39분당정자학원가점,성공적으로 메뉴 추출 완료
2024-12-16 08:18:34,1488270,보보 마르게리타,성공적으로 메뉴 추출 완료
2024-12-16 08:19:58,1488274,빅스타피자 세종점,성공적으로 메뉴 추출 완료
2024-12-16 08:21:15,1488278,정성고기 증평점,성공적으로 메뉴 추출 완료
2024-12-16 08:22:29,1488280,노상치킨앤포차,성공적으로 메뉴 추출 완료
2024-12-16 08:22:58,1488281,민경네 식당,성공적으로 메뉴 추출 완료
2024-12-16 08:24:24,1488285,멘야 쿠지라,성공적으로 메뉴 추출 완료
2024-12-16 08:24:55,1488286,방원 양갈비 양꼬치,성공적으로 메뉴 추출 완료
2024-12-16 08:25:22,1488287,보드람치킨 안흥점,성공적으로 메뉴 추출 완료
2024-12-16 08:26:27,1488290,두꺼비오뎅 용원점,성공적으로 메뉴 추출 완료
2024-12-16 08:27:43,1488293,본설렁탕 양산범어점,성공적으로 메뉴 추출 완료
2024-12-16 08:28:41,1488295,크라운호프(동인천 푸르지오점),성공적으로 메뉴 추출 완료
2024-12-16 08:32:58,1488307,박가네,성공적으로 메뉴 추출 완료
2024-12-16 08:36:12,1488316,내 마음에 쏙 든닭,성공적으로 메뉴 추출 완료
2024-12-16 08:36:40,1488317,시랑리 짬뽕,성공적으로 메뉴 추출 완료
2024-12-16 08:37:06,1488318,해쉬커피 정관어반라이즈점,성공적으로 메뉴 추출 완료
2024-12-16 08:37:55,1488320,밀커피(MEAL COFFEE),성공적으로 메뉴 추출 완료
2024-12-16 08:40:53,1488329,교동면옥 경북의성점,성공적으로 메뉴 추출 완료
2024-12-16 08:42:12,1488332,달콤한삼겹살온의점,성공적으로 메뉴 추출 완료
2024-12-16 08:43:00,1488334,팔각도 파주초롱꽃마을점,성공적으로 메뉴 추출 완료
2024-12-16 08:43:29,1488335,꾸아 파주운정점,성공적으로 메뉴 추출 완료
2024-12-16 08:44:29,1488338,왕솥뚜까리,성공적으로 메뉴 추출 완료
2024-12-16 08:44:58,1488339,카나우타코야끼,성공적으로 메뉴 추출 완료
2024-12-16 08:47:03,1488344,한솥 대구다사역점,성공적으로 메뉴 추출 완료
2024-12-16 08:47:43,1488345,명가김밥천국 3호점,성공적으로 메뉴 추출 완료
2024-12-16 08:48:12,1488346,하오하오 마라,성공적으로 메뉴 추출 완료
2024-12-16 08:49:04,1488348,생활맥주 위시티점,성공적으로 메뉴 추출 완료
2024-12-16 08:49:49,1488349,응큼떡볶이 원흥점,성공적으로 메뉴 추출 완료
2024-12-16 08:50:18,1488350,염소뜰에(화정국사봉점),성공적으로 메뉴 추출 완료
2024-12-16 08:50:54,1488351,브라더한정식도시락고양덕은점,성공적으로 메뉴 추출 완료
2024-12-16 08:51:27,1488352,Alley(앨리),성공적으로 메뉴 추출 완료
2024-12-16 08:52:14,1488354,봉가네 교동짬뽕,성공적으로 메뉴 추출 완료
2024-12-16 08:53:03,1488356,김밥다방,성공적으로 메뉴 추출 완료
2024-12-16 08:56:14,1488365,홀리앤졸리 만수점,성공적으로 메뉴 추출 완료
2024-12-16 08:56:41,1488366,강구 가정식뷔페 1호점,성공적으로 메뉴 추출 완료
2024-12-16 08:57:14,1488367,소문한우정육식당,성공적으로 메뉴 추출 완료
2024-12-16 08:57:43,1488368,체다페퍼(도화점),성공적으로 메뉴 추출 완료
2024-12-16 08:58:10,1488369,술수다,성공적으로 메뉴 추출 완료
2024-12-16 08:58:38,1488370,미류,성공적으로 메뉴 추출 완료
2024-12-16 08:59:44,1488373,더곱이네 수영점,성공적으로 메뉴 추출 완료
2024-12-16 09:00:15,1488374,가련한부엌 광안리점,성공적으로 메뉴 추출 완료
2024-12-16 09:01:45,1488378,사능전집,성공적으로 메뉴 추출 완료
2024-12-16 09:03:43,1488383,박명애 소곱창 우대갈비,성공적으로 메뉴 추출 완료
2024-12-16 09:04:31,1488385,육림,성공적으로 메뉴 추출 완료
2024-12-16 09:04:58,1488386,"장연지 마늘수제비,마늘육전",성공적으로 메뉴 추출 완료
2024-12-16 09:07:03,1488392,찌마기 판교역점,성공적으로 메뉴 추출 완료
2024-12-16 09:08:00,1488394,상하이 향라지류,성공적으로 메뉴 추출 완료
2024-12-16 09:08:49,1488396,부안집 고양도래울점,성공적으로 메뉴 추출 완료
2024-12-16 09:09:57,1488399,냠냠분식,성공적으로 메뉴 추출 완료
2024-12-16 09:10:24,1488400,눈꽃대패 다사역점,성공적으로 메뉴 추출 완료
2024-12-16 09:11:01,1488401,푸라닭 대구구지점,성공적으로 메뉴 추출 완료
2024-12-16 09:11:30,1488402,동네술집,성공적으로 메뉴 추출 완료
2024-12-16 09:12:14,1488403,육회바른연어안양호계점,성공적으로 메뉴 추출 완료
2024-12-16 09:13:25,1488405,서울회관 호평점,성공적으로 메뉴 추출 완료
2024-12-16 09:13:56,1488406,입덕떡볶이,성공적으로 메뉴 추출 완료
2024-12-16 09:14:58,1488408,노랑통닭,성공적으로 메뉴 추출 완료
2024-12-16 09:15:47,1488410,가마로강정 김포운양점,성공적으로 메뉴 추출 완료
2024-12-16 09:16:36,1488412,대단한돈까스 송도호반써밋점,성공적으로 메뉴 추출 완료
2024-12-16 09:18:38,1488418,슈헤뜨 베이크샵(Surette bakeshop),성공적으로 메뉴 추출 완료
2024-12-16 09:19:43,1488421,피자먹다 운정1호점,성공적으로 메뉴 추출 완료
2024-12-16 09:20:36,1488423,스트릿(STREET)1988 파주야당점,성공적으로 메뉴 추출 완료
2024-12-16 09:21:20,1488425,무공돈까스 칠암점,성공적으로 메뉴 추출 완료
2024-12-16 09:21:50,1488426,우리동네정육식당,성공적으로 메뉴 추출 완료
2024-12-16 09:22:27,1488427,흥부놀부전,성공적으로 메뉴 추출 완료
2024-12-16 09:23:16,1488429,줄줄이감밥,성공적으로 메뉴 추출 완료
2024-12-16 09:23:53,1488430,뚱채김밥(현풍테크노점),성공적으로 메뉴 추출 완료
2024-12-16 09:24:59,1488433,카페크렘,성공적으로 메뉴 추출 완료
2024-12-16 09:25:40,1488434,갓튀긴후라이드 수원망포반월점,성공적으로 메뉴 추출 완료
2024-12-16 09:26:27,1488436,할매 솥뚜껑 삼겹살(망포점),성공적으로 메뉴 추출 완료
2024-12-16 09:27:08,1488437,새우치킨덤,성공적으로 메뉴 추출 완료
2024-12-16 09:29:13,1488443,어드레스10903(ADDRESS 10903),성공적으로 메뉴 추출 완료
2024-12-16 09:30:05,1488445,한양화로평택고덕점,성공적으로 메뉴 추출 완료
2024-12-16 09:32:37,1488452,아라치치킨 인천논현점,성공적으로 메뉴 추출 완료
2024-12-16 09:33:22,1488454,봉비벙(Bon vivant),성공적으로 메뉴 추출 완료
2024-12-16 09:37:03,1488466,족발신선생 부산영도점,성공적으로 메뉴 추출 완료
2024-12-16 09:37:34,1488467,러빈제이플라워,성공적으로 메뉴 추출 완료
2024-12-16 09:39:51,1488474,씨네마맥주 대구 성당더샵점,성공적으로 메뉴 추출 완료
2024-12-16 09:42:32,1488481,한솥도시락 용인흥덕점,성공적으로 메뉴 추출 완료
2024-12-16 09:43:01,1488482,짬뽕관 용인신갈점,성공적으로 메뉴 추출 완료
2024-12-16 09:44:37,1488487,양평교자칼국수,성공적으로 메뉴 추출 완료
2024-12-16 09:45:09,1488488,온유 버거,성공적으로 메뉴 추출 완료
2024-12-16 09:45:40,1488489,마라섬 흥덕점,성공적으로 메뉴 추출 완료
2024-12-16 09:46:10,1488490,솔로투분당점,성공적으로 메뉴 추출 완료
2024-12-16 09:48:30,1488496,아로넬(ARONEL),성공적으로 메뉴 추출 완료
2024-12-16 09:49:34,1488499,칠구네신림동백순대&순대국 청라점,성공적으로 메뉴 추출 완료
2024-12-16 09:50:06,1488500,미우돈 다산점,성공적으로 메뉴 추출 완료
2024-12-16 09:50:57,1488502,다이키흰고래,성공적으로 메뉴 추출 완료
2024-12-16 09:51:45,1488504,야키토리금복,성공적으로 메뉴 추출 완료
2024-12-16 09:52:15,1488505,호박꽃 목포남악점,성공적으로 메뉴 추출 완료
2024-12-16 09:52:45,1488506,스시미유,성공적으로 메뉴 추출 완료
2024-12-16 09:53:16,1488507,봄봄애케이크,성공적으로 메뉴 추출 완료
2024-12-16 09:54:18,1488510,카페아이브 좌동2호점,성공적으로 메뉴 추출 완료
2024-12-16 09:55:40,1488514,우소참숯화로구이 배방점,성공적으로 메뉴 추출 완료
2024-12-16 09:56:10,1488515,점프 대전관저점,성공적으로 메뉴 추출 완료
2024-12-16 09:57:32,1488519,주인공사이,성공적으로 메뉴 추출 완료
2024-12-16 09:58:18,1488520,다우린푸드,성공적으로 메뉴 추출 완료
2024-12-16 09:59:06,1488522,곰순이꼬마김밥,성공적으로 메뉴 추출 완료
2024-12-16 10:00:09,1488525,키터리,성공적으로 메뉴 추출 완료
2024-12-16 10:01:26,1488528,나능이능이버섯백숙우두점,성공적으로 메뉴 추출 완료
2024-12-16 10:05:01,1488538,일월육일 김해내동점,성공적으로 메뉴 추출 완료
2024-12-16 10:05:50,1488540,샤브올데이 김해주촌점,성공적으로 메뉴 추출 완료
2024-12-16 10:06:17,1488541,기장일품곰탕,성공적으로 메뉴 추출 완료
2024-12-16 10:07:23,1488544,김기랑푸드,성공적으로 메뉴 추출 완료
2024-12-16 10:12:29,1488558,오뚜기,성공적으로 메뉴 추출 완료
2024-12-16 10:13:02,1488559,짬뽕지존목포유달점,성공적으로 메뉴 추출 완료
2024-12-16 10:13:30,1488560,무청감자탕배곧서울대학로점,성공적으로 메뉴 추출 완료
2024-12-16 10:14:18,1488562,달빛포차,성공적으로 메뉴 추출 완료
2024-12-16 10:15:19,1488565,부원 세종직영점,성공적으로 메뉴 추출 완료
2024-12-16 10:15:49,1488566,북극당,성공적으로 메뉴 추출 완료
2024-12-16 10:18:34,1488574,브런치&카페 알로(Brunch&Cafe allo),성공적으로 메뉴 추출 완료
2024-12-16 10:19:25,1488576,일품 양평해장국,성공적으로 메뉴 추출 완료
2024-12-16 10:20:06,1488578,우람한족발,성공적으로 메뉴 추출 완료
2024-12-16 10:20:36,1488579,밥먹을 시간,성공적으로 메뉴 추출 완료
2024-12-16 10:21:15,1488580,치퀸,성공적으로 메뉴 추출 완료
2024-12-16 10:22:44,1488584,고릴라분식,성공적으로 메뉴 추출 완료
2024-12-16 10:23:13,1488585,본설렁탕 대전둔산점,성공적으로 메뉴 추출 완료
2024-12-16 10:26:17,1488593,오야 진주칠암본점,성공적으로 메뉴 추출 완료
2024-12-16 10:27:00,1488595,자두식당,성공적으로 메뉴 추출 완료
2024-12-16 10:27:30,1488596,CacTuS Bakery(칵투스베이커리),성공적으로 메뉴 추출 완료
2024-12-16 10:28:39,1488599,노렌,성공적으로 메뉴 추출 완료
2024-12-16 10:30:27,1488604,박가네 김치찜&김치찌개,성공적으로 메뉴 추출 완료
2024-12-16 10:32:15,1488608,이만복김밥 초롱꽃마을점,성공적으로 메뉴 추출 완료
2024-12-16 10:32:42,1488609,춘식이네 인생장어,성공적으로 메뉴 추출 완료
2024-12-16 10:33:29,1488611,윤옥노형점,성공적으로 메뉴 추출 완료
2024-12-16 10:34:00,1488612,진갈비,성공적으로 메뉴 추출 완료
2024-12-16 10:34:55,1488614,큰집닭강정(이천점),성공적으로 메뉴 추출 완료
2024-12-16 10:36:21,1488617,밥풀릭스(BAPULIX) 서산동문점,성공적으로 메뉴 추출 완료
2024-12-16 10:36:52,1488618,동방축산 해운대 중동점,성공적으로 메뉴 추출 완료
2024-12-16 10:37:26,1488619,부산우동점 굽네치킨,성공적으로 메뉴 추출 완료
2024-12-16 10:37:53,1488620,해월목,성공적으로 메뉴 추출 완료
2024-12-16 10:38:21,1488621,언더비(under B),성공적으로 메뉴 추출 완료
2024-12-16 10:39:43,1488625,강화텐동,성공적으로 메뉴 추출 완료
2024-12-16 10:40:32,1488627,시장순대국,성공적으로 메뉴 추출 완료
2024-12-16 10:41:00,1488628,낭만원샷포차,성공적으로 메뉴 추출 완료
2024-12-16 10:42:14,1488631,해품달포차,성공적으로 메뉴 추출 완료
2024-12-16 10:42:45,1488632,유래동,성공적으로 메뉴 추출 완료
2024-12-16 10:44:17,1488636,돌아온옛날통닭인동점,성공적으로 메뉴 추출 완료
2024-12-16 10:46:35,1488643,달밑(달동meat),성공적으로 메뉴 추출 완료
2024-12-16 10:50:49,1488656,프로홀덤펍마송점,성공적으로 메뉴 추출 완료
2024-12-16 10:55:38,1488671,대춘해장국중문점,성공적으로 메뉴 추출 완료
2024-12-16 10:56:09,1488672,곱지당,성공적으로 메뉴 추출 완료
2024-12-16 10:59:23,1488680,르블루피자 고양화정점,성공적으로 메뉴 추출 완료
2024-12-16 10:59:49,1488681,지세포포,성공적으로 메뉴 추출 완료
2024-12-16 11:00:16,1488682,몽촌 송도점,성공적으로 메뉴 추출 완료
2024-12-16 11:01:40,1488685,박가부대찌개 울산달동점,성공적으로 메뉴 추출 완료
2024-12-16 11:03:31,1488690,라사천마라탕,성공적으로 메뉴 추출 완료
2024-12-16 11:04:40,1488693,일품대패,성공적으로 메뉴 추출 완료
2024-12-16 11:05:26,1488695,지리산흑돼지맑은곰탕,성공적으로 메뉴 추출 완료
2024-12-16 11:06:37,1488698,피콘커피(picon coffee),성공적으로 메뉴 추출 완료
2024-12-16 11:10:27,1488709,비에이치씨 구리갈매,성공적으로 메뉴 추출 완료
2024-12-16 11:10:56,1488710,미래추어탕,성공적으로 메뉴 추출 완료
2024-12-16 11:11:48,1488712,나이테나의이로운테이블,성공적으로 메뉴 추출 완료
2024-12-16 11:12:56,1488715,숙성무한장어,성공적으로 메뉴 추출 완료
2024-12-16 11:14:11,1488718,매화마라탕 부산직영점,성공적으로 메뉴 추출 완료
2024-12-16 11:15:15,1488721,덕수파스타충주호암점,성공적으로 메뉴 추출 완료
2024-12-16 11:15:49,1488722,이나닭강정연수칠금점,성공적으로 메뉴 추출 완료
2024-12-16 11:16:18,1488723,예산연탄집,성공적으로 메뉴 추출 완료
2024-12-16 11:17:13,1488725,그놈포차 광양읍점,성공적으로 메뉴 추출 완료
2024-12-16 11:17:42,1488726,88치킨,성공적으로 메뉴 추출 완료
2024-12-16 11:21:13,1488735,동경규동 일산덕이점,성공적으로 메뉴 추출 완료
2024-12-16 11:22:15,1488737,달빛과일 정자점,성공적으로 메뉴 추출 완료
2024-12-16 11:22:42,1488738,요거트 아이스크림 친구들,성공적으로 메뉴 추출 완료
2024-12-16 11:23:09,1488739,킹오브떡볶이 당진수청점,성공적으로 메뉴 추출 완료
2024-12-16 11:24:01,1488741,제주정낭집표선점,성공적으로 메뉴 추출 완료
2024-12-16 11:24:31,1488742,술쿠버포차,성공적으로 메뉴 추출 완료
2024-12-16 11:25:52,1488746,해피유카페 앤 족욕,성공적으로 메뉴 추출 완료
2024-12-16 11:30:32,1488760,찐하오마라탕,성공적으로 메뉴 추출 완료
2024-12-16 11:31:40,1488763,카츠나요리,성공적으로 메뉴 추출 완료
2024-12-16 11:32:25,1488764,킴브로스 보은점,성공적으로 메뉴 추출 완료
2024-12-16 11:35:39,1488773,간식랜드,성공적으로 메뉴 추출 완료
2024-12-16 11:36:09,1488774,베트남 쌀국수,성공적으로 메뉴 추출 완료
2024-12-16 11:36:38,1488775,오름산장용황본점,성공적으로 메뉴 추출 완료
2024-12-16 11:37:20,1488777,부가네얼큰이용담점,성공적으로 메뉴 추출 완료
2024-12-16 11:38:08,1488779,소원이,성공적으로 메뉴 추출 완료
2024-12-16 11:39:21,1488782,샤브마니아 포천점,성공적으로 메뉴 추출 완료
2024-12-16 11:40:20,1488785,플러스82 이천SK하이닉스점,성공적으로 메뉴 추출 완료
2024-12-16 11:40:49,1488786,메가비어,성공적으로 메뉴 추출 완료
2024-12-16 11:41:52,1488789,오뎅또오지상 탕정점,성공적으로 메뉴 추출 완료
2024-12-16 11:42:19,1488790,엄니도시락 한식뷔페 상무지구점,성공적으로 메뉴 추출 완료
2024-12-16 11:43:11,1488792,리퍼블릭오브차이나(REPUBLIC OF CHINA),성공적으로 메뉴 추출 완료
2024-12-16 11:44:34,1488796,정성순대서동점,성공적으로 메뉴 추출 완료
2024-12-16 11:45:07,1488797,마라장인마라탕중구점,성공적으로 메뉴 추출 완료
2024-12-16 11:46:11,1488799,노랑통닭,성공적으로 메뉴 추출 완료
2024-12-16 11:46:59,1488801,브라더냉삼,성공적으로 메뉴 추출 완료
2024-12-16 11:51:09,1488813,팬더중화요리,성공적으로 메뉴 추출 완료
2024-12-16 11:52:06,1488815,배터지는생동까스 나주혁신점,성공적으로 메뉴 추출 완료
2024-12-16 11:52:33,1488816,원스하우스태봉초교점,성공적으로 메뉴 추출 완료
2024-12-16 11:53:57,1488819,샐러디아 검단신도시점,성공적으로 메뉴 추출 완료
2024-12-16 11:54:54,1488821,더 파인 비스트로,성공적으로 메뉴 추출 완료
2024-12-16 11:56:03,1488824,대만족 광교점,성공적으로 메뉴 추출 완료
2024-12-16 11:57:23,1488828,애밀베이커리,성공적으로 메뉴 추출 완료
2024-12-16 11:57:56,1488829,고기듬뿍 매화밥상,성공적으로 메뉴 추출 완료
2024-12-16 11:59:17,1488832,BBQ중동스마트점,성공적으로 메뉴 추출 완료
2024-12-16 12:00:03,1488834,코코마요형곡점,성공적으로 메뉴 추출 완료
2024-12-16 12:01:51,1488839,동돼갈,성공적으로 메뉴 추출 완료
2024-12-16 12:02:20,1488840,테이블사이(table42),성공적으로 메뉴 추출 완료
2024-12-16 12:02:47,1488841,몬테비안코 고덕점,성공적으로 메뉴 추출 완료
2024-12-16 12:05:50,1488850,굴림타코야끼 남양주다산점,성공적으로 메뉴 추출 완료
2024-12-16 12:06:33,1488851,모락로제떡볶이&닭강정 다산점,성공적으로 메뉴 추출 완료
2024-12-16 12:07:04,1488852,탱고그릴,성공적으로 메뉴 추출 완료
2024-12-16 12:07:38,1488853,카페꼭미남,성공적으로 메뉴 추출 완료
2024-12-16 12:08:17,1488854,정직유부 진접장현점,성공적으로 메뉴 추출 완료
2024-12-16 12:08:47,1488855,명륜진사갈비 남양주화도점,성공적으로 메뉴 추출 완료
2024-12-16 12:09:36,1488857,벤조이(VENJOY),성공적으로 메뉴 추출 완료
2024-12-16 12:10:21,1488858,투달러커피 상현역점,성공적으로 메뉴 추출 완료
2024-12-16 12:15:13,1488873,파슷타애요시흥점,성공적으로 메뉴 추출 완료
2024-12-16 12:15:44,1488874,팔각도 광교상현역점,성공적으로 메뉴 추출 완료
2024-12-16 12:16:18,1488875,강남원김치찜 수지구청점,성공적으로 메뉴 추출 완료
2024-12-16 12:17:26,1488878,영삼이네 우정소갈비 용인역북점,성공적으로 메뉴 추출 완료
2024-12-16 12:19:27,1488883,돈불석쇠구이,성공적으로 메뉴 추출 완료
2024-12-16 12:20:51,1488887,장릉엄마밥상,성공적으로 메뉴 추출 완료
